video_id,comment
8xJ5UU-jtSU,greeting tunisia
8xJ5UU-jtSU,norme smara bon continuation bro
8xJ5UU-jtSU,lasmerr weld lcouba
8xJ5UU-jtSU,top africa
8xJ5UU-jtSU,faut clipper bro
8xJ5UU-jtSU,two hetha rap
8xJ5UU-jtSU,respect
8xJ5UU-jtSU,great track beb jdid
8xJ5UU-jtSU,inchala tout le temp ya kaboul
8xJ5UU-jtSU,nehebou nasmou ijdid bon courage tout
8xJ5UU-jtSU,yee samara geed ell playlist tak youtube nadhem ell album fell playlist
8xJ5UU-jtSU,ala mosic tnjm tsma barch ob wo fama alboum keml chway wat
8xJ5UU-jtSU,nafs lmawadhi lasmer choufena track zabour
8xJ5UU-jtSU,lawel wel theni yetho masrouf lasmer yofech nama el kol wehed galbo akel force toi frre
8xJ5UU-jtSU,best rapper
8xJ5UU-jtSU,toujours top
8xJ5UU-jtSU,mousica tousel el dark mouch f city ala
8xJ5UU-jtSU,love bangladesh
8xJ5UU-jtSU,abonne louled
8xJ5UU-jtSU,oayet clip kese
8xJ5UU-jtSU,samara greatings sweden annakarin
8xJ5UU-jtSU,tahya
8xJ5UU-jtSU,serbilna ghne type mtaa tam w trace w hethy w mansit
8xJ5UU-jtSU,welcome back favourite
8xJ5UU-jtSU,yaba fy touns
8xJ5UU-jtSU,attentionhedhi tounes mouche enti tghanni ltounes mouche el moatamdeya
8xJ5UU-jtSU,ne chaia la album ala w houwa mhabet track cover ki jabou
8xJ5UU-jtSU,ml lougha
8xJ5UU-jtSU,kolch yfout kima fat lma ftyou
8xJ5UU-jtSU,hathrin
8xJ5UU-jtSU,el notification nesebha andy
8xJ5UU-jtSU,
8xJ5UU-jtSU,wrabi walis whal borgida nour
8xJ5UU-jtSU,therapy
8xJ5UU-jtSU,hhhhhhhh say ala bech ysaker tendance bel album oed habet hata snin orin hh
8xJ5UU-jtSU,number one
8xJ5UU-jtSU,number one
8xJ5UU-jtSU,free borghida
8xJ5UU-jtSU,chana
8xJ5UU-jtSU,lhoubbb raw
8xJ5UU-jtSU,awell wahed second
8xJ5UU-jtSU,number one
8xJ5UU-jtSU,awa album fy tunss ala
8xJ5UU-jtSU,weld imed
8xJ5UU-jtSU,awel whd yesma track
8xJ5UU-jtSU,rabi ykhales whal chafcha
8xJ5UU-jtSU,wen jmaet ithawani loula
8xJ5UU-jtSU,first
8xJ5UU-jtSU,awel wed lasmer best
8xJ5UU-jtSU,first
8xJ5UU-jtSU,number one
8xJ5UU-jtSU,na tounes
8xJ5UU-jtSU,king
8xJ5UU-jtSU,awl jaime wawl comantaire
8xJ5UU-jtSU,lasmrr best
8xJ5UU-jtSU,first one
8xJ5UU-jtSU,ched rouhek
8xJ5UU-jtSU,lasmer whd
8xJ5UU-jtSU,first one
8xJ5UU-jtSU,first
8xJ5UU-jtSU,first
8xJ5UU-jtSU,first comm
8xJ5UU-jtSU,best
